ThicknessIdx,SampleID,SNR_total_median_dB,SNR_total_mean_dB,SNR_excess_median_dB,BuriedFraction,NoiseFloor_RMS_V,N_Events,Thickness
1,1,-0.0360426714138021,-0.0270679467593751,-16.3322467777448,0.571428571428571,0.00120870092443171,14,2 mm
1,2,0.00792295673985271,-0.00819088904607472,-15.6679377441302,0.473684210526316,0.00121312068336319,19,2 mm
1,3,-0.0676123443402169,-0.0410131708472334,-21.4395142380405,0.666666666666667,0.0012148740670473,12,2 mm
1,4,-0.0957419574386273,-0.116183520446405,-18.5353895740175,0.75,0.00121606934608834,12,2 mm
1,5,0.0129491919949611,-0.00880620257118116,-15.9280197030807,0.478260869565217,0.00121617865949173,23,2 mm
1,6,-0.0359970295558733,-0.0225097147119799,-16.0256241924185,0.692307692307692,0.00121725943290237,13,2 mm
1,7,-0.0218169349143802,-0.00750837614791664,-15.406962020254,0.538461538461538,0.00121511300816266,13,2 mm
1,8,-0.084272643022114,-0.0753155819576293,-15.9241766652224,0.733333333333333,0.00121797867777302,15,2 mm
1,9,-0.0356636399640032,-0.0317002621483121,-16.7167180277276,0.6875,0.00121667496606994,16,2 mm
1,10,0.0211569031347669,0.00524474642348017,-14.0557587383039,0.470588235294118,0.00121602917477385,17,2 mm
1,11,0.0127018965655368,0.0126552041802015,-18.3098550415208,0.444444444444444,0.00121571323154466,9,2 mm
1,12,0.0321111935865967,0.0330329602597556,-15.3063259300899,0.444444444444444,0.00121513716565338,18,2 mm
1,13,0.0670724584288546,0.0257965694483958,-15.3106247790272,0.333333333333333,0.00121394455653235,12,2 mm
1,14,-0.0354949578404433,-0.007173285199951,-14.7864976122393,0.5625,0.00121478734066114,16,2 mm
1,15,0.0226245627977992,0.0647991058848141,-15.4515143844319,0.411764705882353,0.00121590299339289,17,2 mm
1,16,-0.0204232362232609,0.0130136696719852,-15.0958442413821,0.529411764705882,0.00121639369390385,17,2 mm
1,17,-0.0290364994699533,0.000558516708986688,-15.7572552090921,0.555555555555556,0.00121460400202727,18,2 mm
1,18,-0.081319257321412,-0.022772185815287,-14.6546283360396,0.555555555555556,0.00121614288386059,9,2 mm
1,19,0.0106315003912389,0.0118918165720775,-15.0351739275986,0.5,0.00121456849523579,18,2 mm
1,20,-0.00779333337188915,0.0114745720142712,-13.856030951482,0.5,0.00121678473212169,18,2 mm
1,21,0.0209750420483882,0.0279164389508655,-15.4618677384282,0.333333333333333,0.00121475189249439,15,2 mm
1,22,-0.0549341803606466,-0.0395830274428424,-13.0495315374359,0.785714285714286,0.00121516310658705,14,2 mm
1,23,0.0196085331981251,0.0355655342999178,-14.3089459135724,0.409090909090909,0.00121546622551987,22,2 mm
1,24,0.0409195133939388,0.0233025970105986,-14.7915796367546,0.3125,0.00121541950381049,16,2 mm
1,25,-0.0148006852135837,-0.037156316008153,-16.5518786096514,0.6,0.00121226793301315,20,2 mm
1,26,-0.102336743345763,-0.0730923217879792,-14.8853818648139,0.75,0.00121415009780165,4,2 mm
1,27,-0.083011362035378,-0.0275935550959846,-12.2029614164908,0.666666666666667,0.00121341705905357,12,2 mm
1,28,-0.0289789151143858,-0.054411429305309,-19.999413827546,0.6,0.00121530901314573,5,2 mm
1,29,-0.0779632081136566,-0.0465157149467631,-14.4051371095916,0.666666666666667,0.00121612664988131,21,2 mm
1,30,-0.0192059273884173,-0.0230312755601752,-14.9358566129632,0.533333333333333,0.00121376056849408,15,2 mm
1,31,-0.0502690956473744,-0.0205535306767625,-17.9314633513173,0.583333333333333,0.00121487004849123,12,2 mm
1,32,0.00114802020560206,0.00160329351979713,-15.4644716534955,0.5,0.00121539787215882,20,2 mm
1,33,0.00975419672686542,0.0550783549367107,-13.7225130550433,0.5,0.00121513605157396,12,2 mm
1,34,0.0940913723729379,0.0222849725873162,-14.9864569068453,0.357142857142857,0.00121406751941927,14,2 mm
1,35,-0.0422498002232822,-0.0224385842381231,-14.0418320364014,0.611111111111111,0.00121560083888941,18,2 mm
1,36,0.0681539667649473,0.0974693520791253,-12.7041805432948,0.315789473684211,0.00121406159795101,19,2 mm
1,37,-0.0103386042087339,0.00520745569395118,-18.3105924499845,0.5,0.00121601978625702,8,2 mm
1,38,-0.051753208095135,-0.0185086030998204,-13.923981892048,0.666666666666667,0.00121620919321808,18,2 mm
1,39,0.0121622536272304,0.0407897050798941,-13.8280020949354,0.5,0.00121546436147133,20,2 mm
1,40,0.0279338188001642,0.0373025986960817,-15.3452548366598,0.384615384615385,0.00121281210930419,13,2 mm
1,41,0.0728227517480092,0.0646849632523331,-14.3298698668001,0.333333333333333,0.0012167542604885,12,2 mm
1,42,-0.0445353992530303,-0.0843482602060464,-20.8888852583184,0.611111111111111,0.00121550036643207,18,2 mm
1,43,0.0376799321537418,0.0245705775526745,-14.8876385546678,0.421052631578947,0.00121302808564832,19,2 mm
1,44,0.0609006278694169,0.0386583065512194,-14.1727825209795,0.421052631578947,0.00121466105314593,19,2 mm
1,45,-0.0225396570283611,-0.0343512762517191,-19.6358848772159,0.583333333333333,0.00121564107024204,12,2 mm
1,46,0.0137320759739997,0.02414567718337,-15.2014251955004,0.5,0.00121631676420991,6,2 mm
1,47,-0.00526878292663736,-0.0215949723053907,-18.3652205091133,0.5,0.00121674502546729,12,2 mm
1,48,0.0199050266865711,0.0216460976011573,-14.1997433879971,0.421052631578947,0.00121542071382023,19,2 mm
1,49,-0.0894544523454744,-0.0551426183894534,-15.0105329191692,0.684210526315789,0.00121721723827093,19,2 mm
1,50,-0.0372703797544115,0.00218342275492089,-13.3921563662409,0.526315789473684,0.00121567029594177,19,2 mm
1,51,-0.0311167740964406,-0.0104714741531023,-15.044368193771,0.526315789473684,0.00121512243509618,19,2 mm
1,52,0.0294409819095006,0.0616661540060138,-15.6768011885361,0.4,0.00121580065872163,25,2 mm
1,53,0.0691401100467474,0.0260339097455641,-15.3591025425985,0.375,0.00121722587946191,16,2 mm
1,54,0.0391018764048063,0.0559815692316474,-11.8283235336239,0.5,0.00121882930049705,18,2 mm
1,55,-0.0284885716500703,-0.045299426210922,-15.1820397879853,0.642857142857143,0.00121753898141869,14,2 mm
1,56,-0.028486349747733,-0.0137424787964087,-16.2732414328019,0.588235294117647,0.00121929183445542,17,2 mm
1,57,0.00413094135400765,0.00149554057643556,-16.232428500671,0.5,0.00121960372069588,12,2 mm
1,58,-0.00327381408247461,-0.0345376469631779,-18.3126083514042,0.588235294117647,0.00121903539713897,17,2 mm
1,59,0.0987960575638255,0.0466048546288719,-16.141214816795,0.428571428571429,0.00122167903393832,7,2 mm
1,60,-0.147569067694043,-0.0656432952475071,-11.8344320787002,0.777777777777778,0.00122201333929603,9,2 mm
1,61,0.0141953350644298,0.0652567602967396,-15.9369421956408,0.333333333333333,0.00122053753887087,15,2 mm
1,62,0.0361408839112836,0.0427395266645337,-15.5620834490335,0.5,0.00122177870684476,6,2 mm
1,63,0.0126378809086609,0.0111845789663295,-20.1326440025245,0.375,0.00122310892994399,16,2 mm
1,64,-0.0192478047019685,-0.0022280524433631,-14.8957132037323,0.545454545454545,0.00122328029795299,22,2 mm
1,65,-0.0339326125680878,-0.0360830876903237,-16.9122265575271,0.647058823529412,0.00122469030175643,17,2 mm
1,66,-0.0010093179531563,-0.0518211889323536,-16.6543222707368,0.529411764705882,0.00122386611580628,17,2 mm
1,67,-0.063556762118825,-0.0222763337418828,-15.384609573397,0.642857142857143,0.00122624055972241,14,2 mm
1,68,-0.0587700423004919,-0.0541613064273403,-14.5056609642993,0.636363636363636,0.00122663123010555,11,2 mm
1,69,-0.0257182755974862,-0.0285020130239825,-18.0283985946203,0.588235294117647,0.00122504283653828,17,2 mm
1,70,-0.0463844449794982,-0.0799302682344759,-19.5809631627082,0.692307692307692,0.00122616991363504,13,2 mm
1,71,-0.0388843708337222,-0.0763881911250432,-17.3406249538599,0.529411764705882,0.00122707844815687,17,2 mm
1,72,-0.0887854285632175,-0.0446325837412102,-13.0067344796828,0.636363636363636,0.00122547998356694,11,2 mm
1,73,-0.0321243138676669,-0.0168346235286543,-16.2322418678483,0.619047619047619,0.00122616856804662,21,2 mm
1,74,-0.104163060034099,-0.0829628516843267,-24.7724336998619,0.818181818181818,0.00122635864458877,11,2 mm
1,75,-0.00682686685444464,-0.006816539376352,-17.8984642672303,0.533333333333333,0.00122702710680078,15,2 mm
1,76,-0.05428878728782,-0.0124670471617673,-16.9917096321554,0.666666666666667,0.00122617468925724,12,2 mm
1,77,0.0210770967575838,0.000188580754123331,-14.4110664854755,0.411764705882353,0.00122811145969947,17,2 mm
1,78,-0.00320834941790614,-0.0388320659857137,-17.2233401892215,0.55,0.00122736089057553,20,2 mm
1,79,0.0222917746043217,0.0149777879963143,-15.2129563964991,0.473684210526316,0.00122711109970533,19,2 mm
1,80,0.0516289568843631,0.0200410485168725,-16.3199148516711,0.466666666666667,0.00122938986821791,15,2 mm
1,81,-0.0627242810309287,-0.0538989761679819,-16.0122412218438,0.705882352941177,0.00122933324532522,17,2 mm
1,82,0.0260260338891915,0.00724962668139343,-18.6530962380638,0.363636363636364,0.00122879649894618,11,2 mm
1,83,0.077161344533474,0.0611725063374709,-15.6056518092081,0.294117647058824,0.0012288746207383,17,2 mm
1,84,-0.0365488117522724,-0.0589108805303208,-17.392884304909,0.5625,0.00122888977998179,16,2 mm
1,85,0.0109720182991393,-0.0045947168493248,-16.9868774653881,0.461538461538462,0.00122855782540245,13,2 mm
1,86,-0.00537187207029679,0.00856698442937638,-16.7292728348607,0.555555555555556,0.00123011100440543,9,2 mm
1,87,-0.00334546206495158,0.00699679309193865,-17.3689677594568,0.523809523809524,0.00122899082758337,21,2 mm
1,88,0.0509371276683814,0.0684819095183609,-17.3010393427558,0.25,0.00122963081634118,8,2 mm
1,89,0.0264860681250533,0.00655110613432909,-16.1957115734319,0.4,0.00122827224753753,20,2 mm
1,90,-0.0311408984295079,0.0315449355377943,-13.1955421165417,0.529411764705882,0.00122866313647814,17,2 mm
1,91,0.00769088311635617,0.034502634248989,-16.6307419600946,0.5,0.00122901498813365,12,2 mm
1,92,-0.0420265885130945,-0.0343091596709067,-15.1356823265344,0.705882352941177,0.00122845815726761,17,2 mm
1,93,0.0427647408593058,-0.0273390114688001,-18.5213720816773,0.375,0.00122904826950585,8,2 mm
1,94,-0.0428948864215839,-0.0314900008897704,-14.3900572478281,0.608695652173913,0.00122908249337735,23,2 mm
1,95,-0.0543512421411478,-0.0431474071912105,-18.0968439733499,0.65,0.00123078642937303,20,2 mm
1,96,-0.00894641755725654,0.019259529897395,-16.2450950445774,0.529411764705882,0.00123094401588663,17,2 mm
1,97,-0.104994989362635,-0.0688723161540403,-18.2171273336394,0.733333333333333,0.0012307834724642,15,2 mm
1,98,0.0636579397477935,0.0612052742059586,-12.3389252954786,0.5,0.00123068136960916,18,2 mm
1,99,-0.0531582147583185,-0.0312063071689773,-17.0934393453029,0.55,0.00123015190905896,20,2 mm
1,100,0.0775900969716376,0.109757971537023,-13.6114320637574,0.333333333333333,0.00123043360078552,9,2 mm
1,101,0.0147405826437762,-0.00929334379140423,-17.9494235395472,0.45,0.00123036669523477,20,2 mm
1,102,0.0313087266672341,0.0134509392517381,-18.490898476252,0.294117647058824,0.00123067073974864,17,2 mm
1,103,0.0107926134784396,-0.0164030053800586,-15.8832551099206,0.5,0.00122917225071301,20,2 mm
1,104,0.0417538777760722,0.0307668234471403,-15.7421122850426,0.380952380952381,0.00122706523530747,21,2 mm
1,105,0.0323938905899833,0.0293455722742353,-14.4976921495168,0.470588235294118,0.00122726621850733,17,2 mm
1,106,-0.00891117689824768,0.0226463246878571,-14.9236560969792,0.5625,0.00122695356832715,16,2 mm
1,107,0.00528868645882865,-0.00660201309155589,-22.8965289168647,0.45,0.00122588493342839,20,2 mm
1,108,-0.0357434577122638,-0.0248865846391603,-16.391803634381,0.5,0.00122524979030418,14,2 mm
1,109,0.0380135652886675,0.0356491911711647,-19.824820857286,0.142857142857143,0.0012268493272663,7,2 mm
1,110,0.0690021440560361,0.0487052730692829,-15.1881202747089,0.333333333333333,0.00122604127266553,12,2 mm
1,111,-0.0356688295180088,-0.0297107633529417,-15.4106486456112,0.625,0.00122413016334448,16,2 mm
1,112,-0.0342121213421689,-0.0405907767964334,-18.902229739311,0.583333333333333,0.00122582286917549,12,2 mm
1,113,0.0124083463358667,-0.0118707547924063,-18.3613265198774,0.411764705882353,0.00122575979294316,17,2 mm
1,114,-0.00829415337722606,-0.0217035136584006,-14.6641209083948,0.631578947368421,0.00122610785439302,19,2 mm
1,115,0.025624261547633,0.0216161758052639,-16.1120367453857,0.380952380952381,0.00122575131940034,21,2 mm
1,116,0.0847773499407843,0.0426611971817829,-14.7230251822086,0.35,0.00122575193093001,20,2 mm
1,117,0.118156859322812,0.112465775099584,-13.6045136669555,0.230769230769231,0.00122481615685294,13,2 mm
1,118,-0.0057807665386487,-0.0242429416832763,-19.8757861025484,0.555555555555556,0.00122485211897617,9,2 mm
1,119,-0.0819642705012986,-0.0294588991828661,-16.2430748244663,0.571428571428571,0.00122328349202919,14,2 mm
1,120,-0.0666151959472641,-0.057064311109025,-17.9573056526303,0.684210526315789,0.00122605967077382,19,2 mm
1,121,-0.0240950838132169,-0.0529590839726962,-17.7957894552711,0.5625,0.00122663394615643,16,2 mm
1,122,0.0129851652042984,0.0151293518156942,-17.2536598101005,0.466666666666667,0.0012257233604892,15,2 mm
1,123,0.0368976099098054,0.0517149663012802,-12.4281305082429,0.454545454545455,0.00122536508992646,11,2 mm
1,124,0.0137038661789957,0.0804066260959459,-14.4308494610847,0.4,0.00122590753502472,10,2 mm
1,125,-0.0379631605774386,-0.0335398476119398,-13.6952476537471,0.727272727272727,0.00122853960317291,11,2 mm
1,126,-0.138787966177874,-0.101492607417794,-17.8428443585398,0.666666666666667,0.00122649528775844,15,2 mm
1,127,-0.0788886348232504,-0.0472074529510021,-19.8733574186912,0.529411764705882,0.00122779939457878,17,2 mm
1,128,0.0352865292834823,0.0397217371598314,-15.7748923520992,0.352941176470588,0.00122823282710272,17,2 mm
1,129,0.0135858390730727,-0.0285799711729508,-20.5983614879199,0.421052631578947,0.00122873800541838,19,2 mm
1,130,-0.015493575232404,-0.0453045832252633,-16.4753904047749,0.526315789473684,0.00122786105891092,19,2 mm
1,131,-0.00524795650432867,0.0631843024208532,-12.8319344612654,0.5,0.00122757129050022,12,2 mm
1,132,0.0135145659977038,0.00964309534118993,-16.1819580225888,0.357142857142857,0.00122902011794688,14,2 mm
1,133,0.0294433871331934,0.0595124673035774,-15.2248309788057,0.375,0.00122815019157146,8,2 mm
1,134,0.0990230325750991,0.0716079968464551,-15.4710461602592,0.352941176470588,0.00122799397540445,17,2 mm
1,135,0.0811151197503417,0.0103894973406706,-15.1624537023834,0.444444444444444,0.00122978099328255,9,2 mm
1,136,-0.0772186936242436,-0.0555669361789024,-15.4443401577425,0.625,0.00123138327364754,16,2 mm
1,137,0.0164220204645584,0.0117514825918936,-16.231003218106,0.444444444444444,0.00123232017423356,18,2 mm
1,138,-0.0337310734168123,-0.0599851163425331,-17.247286398709,0.636363636363636,0.00123084084333012,22,2 mm
1,139,-0.0371549883345646,-0.0611261490339434,-20.5668872335042,0.642857142857143,0.00123061192212807,14,2 mm
1,140,0.0541663103624846,0.0448467845949356,-13.5612285185067,0.4,0.00123066900792671,15,2 mm
1,141,0.00375836318224914,0.0174508646387075,-14.5061914741124,0.466666666666667,0.00123159328577145,15,2 mm
1,142,-0.0503638608986924,-0.00521791526256805,-14.8068489835418,0.666666666666667,0.00123227695015493,9,2 mm
1,143,-0.0857797258145479,-0.0362897922050918,-20.0675171068104,0.636363636363636,0.00123233569607919,11,2 mm
1,144,0.0196209398960515,-0.00440670715704073,-17.0908216603278,0.421052631578947,0.00123167288334897,19,2 mm
1,145,-0.0899156111269208,-0.0827401667223218,-20.0443350869182,0.5,0.00123232455695449,6,2 mm
1,146,-0.0569690930744112,-0.0483923586254188,-18.8532395442071,0.526315789473684,0.00123255558119465,19,2 mm
1,147,0.0203945985878854,0.036862854201021,-14.6947499398939,0.428571428571429,0.00123314959818709,7,2 mm
1,148,0.0337033166771731,0.0141874621697278,-13.946887998349,0.428571428571429,0.0012333201248719,14,2 mm
1,149,-0.0925738413591962,-0.0720833553294414,-15.3758375822431,0.642857142857143,0.00123338157085548,14,2 mm
1,150,-0.024857745293198,0.0188768078397453,-15.3164907395666,0.5625,0.00123304008479409,16,2 mm
1,151,-0.0333954053171967,-0.0202937472641633,-14.9268086938212,0.533333333333333,0.00123398043298196,15,2 mm
1,152,0.0170094925277248,0.0425700517185018,-15.7159313185318,0.35,0.00123375882002584,20,2 mm
1,153,-0.0959762138458089,-0.0818561659736741,-18.4531451192216,0.714285714285714,0.0012361015974947,14,2 mm
1,154,-0.0201608849414507,-0.0161642203866432,-15.4900765008263,0.555555555555556,0.00123513246164345,18,2 mm
1,155,-0.0108082853274269,0.0042934018211078,-16.3077147462735,0.523809523809524,0.00123486624003972,21,2 mm
1,156,0.0190681868149607,0.0286723935530692,-15.3903760296014,0.470588235294118,0.00123492708203738,17,2 mm
1,157,-0.00926319000617523,-0.00258849914997717,-14.5419485211303,0.555555555555556,0.00123675322356763,9,2 mm
1,158,-0.0473757719922157,0.0139993433758883,-15.3093442770215,0.526315789473684,0.00123447062570065,19,2 mm
1,159,0.0187662597415201,0.0380267978211872,-14.4354836003511,0.444444444444444,0.00123594923459267,18,2 mm
1,160,-0.0368282178045076,0.00149145520114463,-13.3777228206702,0.526315789473684,0.0012364428406321,19,2 mm
1,161,0.031636129049982,-0.0153684545416438,-18.5377369759791,0.411764705882353,0.00123653442880707,17,2 mm
1,162,-0.0148399796116314,-0.0118013189618553,-14.553047392353,0.526315789473684,0.00123612146094334,19,2 mm
1,163,-0.0433160909264949,-0.0334239186554262,-16.114610215202,0.6,0.00123694188268631,15,2 mm
1,164,0.0863283158749864,0.0742173344599483,-14.646894732852,0.315789473684211,0.00123643455147089,19,2 mm
1,165,0.0680807919519673,0.0152070465761522,-16.2346305198879,0.357142857142857,0.00123597169491179,14,2 mm
1,166,0.0451278879423806,0.0274212392388424,-17.8275953288671,0.375,0.00123386066810123,16,2 mm
1,167,-0.0345082149486531,-0.052595969104355,-17.0861957281609,0.65,0.0012353347134743,20,2 mm
1,168,0.00276000905117327,-0.0175608759270187,-15.6877282128457,0.5,0.00123427648056059,14,2 mm
1,169,-0.0246552678942128,0.0335986758671165,-13.6028147496644,0.666666666666667,0.00123650518279332,6,2 mm
1,170,0.0218155730315948,-0.0112956472585725,-18.023638039409,0.388888888888889,0.00123562523284476,18,2 mm
1,171,-0.0146778125166753,-0.0574924485088641,-12.5445013066404,0.615384615384615,0.00123607898094706,13,2 mm
1,172,-0.0135065423877202,-0.0830634169408273,-19.7713356335533,0.578947368421053,0.00123579706883168,19,2 mm
1,173,-0.0223559408923911,-0.024528128086705,-17.3736189734938,0.615384615384615,0.00123591363350968,13,2 mm
1,174,-0.0154670109552565,-0.0233279533814287,-17.5696478943153,0.5625,0.00123502721617418,16,2 mm
1,175,-0.00624931839164917,-0.0288371756880496,-17.4550388192248,0.571428571428571,0.00123552541369009,14,2 mm
1,176,-0.00634142059070133,0.0164983253942823,-14.8701481951767,0.5,0.00123536274340509,20,2 mm
1,177,-0.0320761254048959,-0.00400245505579296,-13.7447739004637,0.6875,0.0012353113381125,16,2 mm
1,178,0.0895607974675271,0.041713546172351,-13.9464666651726,0.388888888888889,0.00123715134660635,18,2 mm
1,179,0.0245502926429379,0.0312400908714959,-15.7964548329568,0.315789473684211,0.00123721934375484,19,2 mm
1,180,-0.0251984683461202,0.0304259195978494,-13.2995898899484,0.608695652173913,0.00123678469468747,23,2 mm
1,181,0.0568735791307664,0.00581288325517175,-16.1003739861426,0.444444444444444,0.0012358286841401,18,2 mm
1,182,0.0737209378887712,0.0612012419337513,-16.8033630219149,0.222222222222222,0.00123943178484818,9,2 mm
1,183,0.0298470315398536,0.0701138524223952,-14.9590678234023,0.333333333333333,0.001238781347515,15,2 mm
1,184,-0.0853708499332365,-0.114969405155856,-14.9584101967831,0.8,0.00123747301147869,15,2 mm
1,185,-0.101753088031809,-0.0853666715596187,-17.2537717383628,0.615384615384615,0.0012351184055774,13,2 mm
1,186,-0.0198555533876644,-0.0319778603542629,-18.1535899719061,0.5,0.00123590294623983,18,2 mm
1,187,-0.0410116822324611,-0.0043545629077317,-14.2774264501248,0.526315789473684,0.00123629796510972,19,2 mm
1,188,0.117007262214959,0.101195264799071,-13.924303703016,0.333333333333333,0.001237588955483,12,2 mm
1,189,0.0180521653965361,0.0180410542661952,-16.72473657681,0.466666666666667,0.0012366109670881,15,2 mm
1,190,-0.0686388722264304,-0.0367296983600312,-16.2651408970415,0.6,0.00123805361596738,15,2 mm
1,191,0.062191358034023,0.0270548289301795,-15.3150492338672,0.421052631578947,0.00123619160007374,19,2 mm
1,192,-0.0943694795071833,-0.0416505386304509,-15.7411724575516,0.666666666666667,0.00123841530273918,12,2 mm
1,193,-0.0604989011007015,-0.0877659635926739,-19.3983745962876,0.705882352941177,0.00123759274414017,17,2 mm
1,194,0.139230501972217,0.15430755500725,-14.3887390778294,0.111111111111111,0.00123965856807575,9,2 mm
1,195,-0.0692605283303445,-0.054726240230741,-19.5131386983958,0.666666666666667,0.00124006607549459,9,2 mm
1,196,0.00167863787444877,0.0246658152375512,-16.3727977951634,0.470588235294118,0.00123966424627697,17,2 mm
1,197,-0.118637138861375,-0.0854414800993713,-20.4552697989819,0.666666666666667,0.00123941262126484,18,2 mm
1,198,-0.0711226129052629,-0.0312195170137009,-13.4428758537503,0.642857142857143,0.00123991885348642,14,2 mm
1,199,-0.0770565800825735,-0.0269541683844816,-15.3553278771854,0.647058823529412,0.00124032260036612,17,2 mm
1,200,0.0450863140053764,0.0306472689489113,-15.0729856842057,0.388888888888889,0.00123803426901163,18,2 mm
2,1,1.94224826077031,1.90228432885344,-2.48753958912823,0,0.0015605309604832,17,4 mm
2,2,1.8392070313144,1.95522515088849,-2.77952796827482,0,0.00155743007475166,13,4 mm
2,3,1.55676306219155,1.65765070799486,-3.65400982392826,0,0.00155343947259729,17,4 mm
2,4,1.67813033772112,1.70167384177158,-3.2635364304696,0,0.00155595008552155,21,4 mm
2,5,1.93524418309799,1.96124953037646,-2.50709146184872,0,0.00155974776368009,16,4 mm
2,6,1.98761586233647,2.0178429751087,-2.38571680525616,0,0.00156200060058424,8,4 mm
2,7,1.80828318075321,1.89138692430418,-2.86971064506838,0,0.00155753695128449,15,4 mm
2,8,1.75716263434997,1.79054001046216,-3.02156642000709,0,0.00156584245257994,16,4 mm
2,9,1.84183895962552,1.85016036833055,-2.77190896512897,0,0.00157036841345174,15,4 mm
2,10,2.01641188307319,1.92891446904918,-2.28490569585756,0,0.0015661276723631,11,4 mm
2,11,2.02781909121097,1.95216754203324,-2.25469048996118,0,0.00156541484626048,12,4 mm
2,12,1.72108463258006,1.89006534265545,-3.13089662195104,0,0.00157112308159997,17,4 mm
2,13,1.65938470219209,1.71498967652172,-3.32262495844237,0,0.00156339244711316,22,4 mm
2,14,1.71424797144526,1.71288533348909,-3.15205276008263,0,0.00156403591107993,16,4 mm
2,15,1.60917338308098,1.56579477492935,-3.48382282075103,0,0.00156134331118706,18,4 mm
2,16,1.77504567428014,1.75753205584298,-2.96803793988916,0,0.00156355254237289,15,4 mm
2,17,1.58500614524536,1.77798648141416,-3.56174945726645,0,0.00156160675461345,10,4 mm
2,18,1.51941814945629,1.62480733326611,-3.77923745398504,0,0.00156584205379971,16,4 mm
2,19,1.47402686990055,1.45913721009335,-3.92613782738014,0.0714285714285714,0.00156490766115153,14,4 mm
2,20,1.57840421028265,1.53936939445967,-3.58261424257762,0,0.00156635225266237,14,4 mm
2,21,1.62316731216817,1.62210507525043,-3.43877277985505,0,0.00156742062306026,18,4 mm
2,22,1.79975872075893,1.78184795653703,-2.89478867430293,0,0.00156694407033025,17,4 mm
2,23,1.63710799118916,1.50047843597572,-3.3928328368477,0,0.00156630447670859,17,4 mm
2,24,1.58369249440861,1.57652175727619,-3.56547839225759,0,0.00156434104929508,14,4 mm
2,25,1.40900174622092,1.52319923203149,-4.16519656498037,0,0.00156536267687585,13,4 mm
2,26,1.75231263446805,1.64394421251666,-3.03686768640214,0,0.00156210156927974,16,4 mm
2,27,1.65422195292219,1.72738458865346,-3.33857803817481,0,0.00155945325261112,14,4 mm
2,28,1.72222683438405,1.84431156966396,-3.12807653307418,0,0.00156053426126513,14,4 mm
2,29,1.75422454356422,1.8790112345096,-3.03040298536337,0,0.00156279835277849,12,4 mm
2,30,1.54079745495034,1.50835715806607,-3.70859892806985,0,0.00156309447129866,16,4 mm
2,31,1.68539179201007,1.66903604333989,-3.24092010211727,0,0.00156305034354054,15,4 mm
2,32,1.27341988431134,1.4167806433833,-4.67587024912287,0,0.0015652159133147,11,4 mm
2,33,1.46394109221629,1.37942080808445,-3.97009463574173,0,0.00156393691381854,11,4 mm
2,34,1.61156692234414,1.60714594756473,-3.47468794085446,0,0.00156273711398896,18,4 mm
2,35,1.5394186771268,1.55029786337477,-3.71185381550873,0,0.00156342667360661,17,4 mm
2,36,1.57085653747653,1.53263024294996,-3.60740104471003,0,0.00153725695987296,15,4 mm
2,37,1.42610904164565,1.47169171694511,-4.10376639698086,0,0.00155596013447137,17,4 mm
2,38,1.67106317641635,1.67502623637373,-3.28562473176429,0,0.00156062928673769,17,4 mm
2,39,1.58287566373137,1.5540465552517,-3.56820877016587,0,0.00155678154187178,14,4 mm
2,40,1.47972290039229,1.45696891388063,-3.91535754561177,0,0.00155778816202552,16,4 mm
2,41,1.64695415761817,1.74723104618645,-3.36190064099973,0,0.00155935535839316,12,4 mm
2,42,1.4782482284849,1.59134510469455,-3.92030032271422,0,0.00156048787594195,13,4 mm
2,43,1.21637222667671,1.24907088484503,-4.90536249755339,0,0.00156101037655302,18,4 mm
2,44,1.51387973964972,1.54716609498344,-3.7980236223779,0,0.00156669717048494,13,4 mm
2,45,1.60658184608711,1.47338501805423,-3.49176329662709,0,0.00156342146188653,14,4 mm
2,46,1.46859804967175,1.44388414000259,-3.95384192437151,0,0.00156170399556877,15,4 mm
2,47,1.46957439984906,1.49735862322109,-3.95043997131467,0,0.00156070150023346,17,4 mm
2,48,1.48434842587192,1.56631485832834,-3.90099473903872,0,0.00155961802228128,14,4 mm
2,49,1.62325634005169,1.5769143973922,-3.43709591699699,0,0.00156012037592484,16,4 mm
2,50,1.62037467507827,1.66355425338605,-3.44634004788923,0,0.00156394118302548,15,4 mm
2,51,1.78326036109999,1.75806829950334,-2.94359870325413,0,0.00155822619023542,13,4 mm
2,52,1.60598155308247,1.52977723503603,-3.49312040989431,0,0.00156497387182257,16,4 mm
2,53,1.46329060748382,1.5454018790796,-3.97236827643576,0,0.00156041705708895,17,4 mm
2,54,1.63204163704557,1.69227518304977,-3.40898548436255,0,0.0015632714676023,17,4 mm
2,55,1.51011839822449,1.40332349554806,-3.58275199398223,0.0714285714285714,0.0015626718086011,14,4 mm
2,56,1.57680412585613,1.53293790744263,-3.58783579271012,0,0.00156203938034711,15,4 mm
2,57,1.38152149097781,1.4145963774132,-4.26566060494982,0,0.0015645604136784,16,4 mm
2,58,1.5311975000736,1.70744509627987,-3.74036731164638,0,0.00156568087914705,20,4 mm
2,59,1.26543927477806,1.31989294061757,-4.70889895636378,0,0.00156308173966734,18,4 mm
2,60,1.50207799417338,1.34004141962873,-3.83825423114441,0,0.00156396916650129,15,4 mm
2,61,1.6042215291744,1.56886678626724,-3.49842627372726,0,0.00156570038662489,17,4 mm
2,62,1.50198455544853,1.59294930534578,-3.85111055539666,0,0.00156292869327978,16,4 mm
2,63,1.52443377004972,1.51646201006706,-3.76226774289318,0,0.00156026947370338,15,4 mm
2,64,1.20884834566148,1.14455079092796,-4.85579654302129,0.0454545454545455,0.00156967798366779,22,4 mm
2,65,1.73683596745363,1.80057221759775,-3.08293399556878,0,0.00156509270334904,17,4 mm
2,66,1.38347560534725,1.45580920527578,-4.25817071999108,0,0.00156449973249072,20,4 mm
2,67,1.63583144353992,1.63395517032989,-3.39689886679331,0,0.00156421723349769,15,4 mm
2,68,1.69465431147309,1.58756700906969,-3.21218676473575,0,0.00156460020471247,15,4 mm
2,69,1.38454205934547,1.48897347561463,-4.25757972741597,0,0.00156506077930533,16,4 mm
2,70,1.46943650716062,1.58968946368797,-3.95209424982849,0,0.00156547481530966,16,4 mm
2,71,1.2371998328444,1.51972400081266,-4.82251717673152,0,0.00156088834399746,8,4 mm
2,72,1.49550867962453,1.55621731326023,-3.51420466457801,0.0588235294117647,0.00156637498249074,17,4 mm
2,73,1.37490803165795,1.48330817658271,-4.28953130392922,0,0.00156604261185238,19,4 mm
2,74,1.39322896523453,1.4781651944025,-4.222396636026,0,0.00156378182609512,17,4 mm
2,75,1.72392699629018,1.72243020844879,-3.12223617340999,0,0.00156503928466232,14,4 mm
2,76,1.80463812432113,1.78009197235397,-2.8808005658049,0,0.00156543102236365,12,4 mm
2,77,1.56886433423743,1.55704092929695,-3.6139683638032,0,0.00156679926498461,19,4 mm
2,78,1.57139363916863,1.51182834284727,-3.60563166655033,0,0.00156321956273397,13,4 mm
2,79,1.44288916808432,1.47664769774101,-4.04411289283289,0,0.00156675344167156,11,4 mm
2,80,1.61137995358485,1.59488557971755,-3.47529056037298,0,0.00156595895926961,13,4 mm
2,81,1.61243892947531,1.52988341532486,-3.47187520975092,0,0.00156267667731885,17,4 mm
2,82,1.48844550078447,1.44272616360241,-3.88505630245107,0,0.00156378322035573,17,4 mm
2,83,1.53784268236838,1.51402917746278,-3.71713665402811,0,0.00156461667313007,11,4 mm
2,84,1.34234090448056,1.3862654814605,-4.41077239728144,0,0.00156555639256719,20,4 mm
2,85,1.48410153766588,1.4972497980046,-3.90007408224368,0,0.00156498222423727,14,4 mm
2,86,1.5172559153904,1.5544264684574,-3.78904440401975,0,0.00156482123658402,12,4 mm
2,87,1.55938898995075,1.61938495762889,-3.64551321886284,0,0.0015619966773892,14,4 mm
2,88,1.52606881706862,1.63691616525231,-3.75674689120384,0,0.00156213602766971,11,4 mm
2,89,1.41047619495439,1.45310747231236,-4.16416370561244,0,0.00156243312908613,16,4 mm
2,90,1.37978394346626,1.498812968088,-4.27159032088181,0,0.00156442671175784,17,4 mm
2,91,1.5011789986162,1.497841588436,-3.84132961676338,0,0.00156610362160021,9,4 mm
2,92,1.56675977573496,1.55162007670402,-3.62219287905626,0,0.00156344739461122,12,4 mm
2,93,1.34766799356325,1.33009262287666,-4.39076903604736,0,0.00156409876263044,17,4 mm
2,94,1.42497242159693,1.42979712522976,-4.11305621207641,0,0.00155943363345925,16,4 mm
2,95,1.38883279932998,1.4343162591751,-4.23843716269001,0,0.00156017458253126,15,4 mm
2,96,1.48097717191958,1.49904444618321,-3.91084866046076,0,0.00156043928721449,12,4 mm
2,97,1.58587913871539,1.50562716111994,-3.55810014247195,0,0.00155976419726476,13,4 mm
2,98,1.23930687007699,1.36854608664066,-4.81167568443131,0,0.00156668856100322,17,4 mm
2,99,1.35352600542311,1.36425975030674,-4.37215744283296,0,0.00156549171243801,16,4 mm
2,100,1.38410615672886,1.44679127918073,-4.25702381842544,0,0.00156494254872411,14,4 mm
2,101,1.35846615996712,1.33849582742783,-4.35566480306244,0,0.00156551631181805,20,4 mm
2,102,1.52073303431078,1.50098105665411,-3.77478181794785,0,0.00156920413733048,17,4 mm
2,103,1.55701305485244,1.56804998202346,-3.65753682533136,0,0.00156079768237072,18,4 mm
2,104,1.87892605944968,1.88728437780474,-2.66584244278721,0,0.00156276731308568,14,4 mm
2,105,1.48560421313494,1.54564801052537,-3.89485601237583,0,0.00156279074732391,13,4 mm
2,106,1.59078870049917,1.6131720097945,-3.5425012246988,0,0.00156423980501557,10,4 mm
2,107,1.56586726236153,1.66576027411614,-3.62386129835615,0,0.00156167459914056,19,4 mm
2,108,1.74760412782106,1.67787927335199,-3.05479113491421,0,0.00156441618440744,10,4 mm
2,109,1.58097182819272,1.63398139720176,-3.57449335059259,0,0.00156255882434488,18,4 mm
2,110,1.49726921131468,1.43915578715104,-3.85562402404198,0,0.00156878312896692,18,4 mm
2,111,1.56326199930519,1.56983287526109,-3.63247370901664,0,0.00156085503476288,13,4 mm
2,112,1.69400021434618,1.63292495423645,-3.21421162418801,0,0.00156582455841647,15,4 mm
2,113,1.81821329289455,1.80930229310081,-2.84061723333585,0,0.00156323280067373,11,4 mm
2,114,1.5042721938851,1.5655565423009,-3.83075452837394,0,0.00156333919799165,15,4 mm
2,115,1.76918338470417,1.79611548718658,-2.98553467795634,0,0.00155861440406717,9,4 mm
2,116,1.56191543659364,1.56618727509653,-3.6369341727727,0,0.00156420067365476,14,4 mm
2,117,1.59597502701825,1.59168153968103,-3.52518463595335,0,0.00156403746605286,19,4 mm
2,118,1.5407292425597,1.6060970106534,-3.70746414436304,0,0.0015667974623598,15,4 mm
2,119,1.59543878220437,1.54425316431644,-3.52887556082371,0,0.00156593194185578,16,4 mm
2,120,1.41248939907522,1.46650087234396,-4.15262183732079,0,0.00156376543725967,15,4 mm
2,121,1.62816638628446,1.56480475868489,-3.42185081387838,0,0.00156570997130169,16,4 mm
2,122,1.60709590970358,1.60289396852449,-3.48912617237467,0,0.00156565811946691,15,4 mm
2,123,1.40176901236131,1.41585696693001,-4.19182529242109,0,0.00156410781210223,14,4 mm
2,124,1.52805386373052,1.51239949459048,-3.75005087180753,0,0.00156282042705481,17,4 mm
2,125,1.28342254518561,1.37364966666213,-4.63679908314318,0,0.00156237903110308,18,4 mm
2,126,1.52726179289081,1.44627006260623,-3.75272237944737,0,0.00156297969475561,18,4 mm
2,127,1.58774962561622,1.55285403250054,-3.55952390267858,0,0.00156676587473895,16,4 mm
2,128,1.51279315215233,1.48075324949056,-3.80184624016052,0,0.00156718878975002,10,4 mm
2,129,1.60894404529014,1.58449251055084,-3.48605372271658,0,0.00156265207485059,18,4 mm
2,130,1.4949753557171,1.47248208127061,-3.86365878748659,0,0.00156501044579825,14,4 mm
2,131,1.52585684225846,1.66646488111194,-3.75746236049842,0,0.0015634935394279,11,4 mm
2,132,1.44406610916771,1.30844065983397,-4.03995085849306,0,0.00156160260344522,15,4 mm
2,133,1.46918985906142,1.41665979895269,-3.95177962209857,0,0.00156824841386002,13,4 mm
2,134,1.64236769823763,1.64623448541546,-3.24567538757825,0.0714285714285714,0.00156822037520898,14,4 mm
2,135,1.42760428311477,1.39424761757585,-4.09842682266592,0,0.00156470865497119,15,4 mm
2,136,1.43218551622428,1.42535822283078,-4.08344575645076,0,0.00156292300037718,12,4 mm
2,137,1.71006793842358,1.78281121767661,-3.16504207957267,0,0.00156635377707861,10,4 mm
2,138,1.53144951670703,1.50114344021538,-3.73861335970392,0,0.00156415243302327,15,4 mm
2,139,1.76145511562404,1.78748928247058,-3.01279283092674,0,0.00156643492708178,16,4 mm
2,140,1.63946551795413,1.70111742505346,-3.38533055409302,0,0.00156266170309883,15,4 mm
2,141,1.58359399247109,1.68192467303847,-3.56557445644188,0,0.00156261816455576,17,4 mm
2,142,1.39467192560506,1.44838332687969,-4.21714098760724,0,0.00156077152546962,15,4 mm
2,143,1.56506919284408,1.62284641833485,-3.62671678061577,0,0.00157068031261158,16,4 mm
2,144,1.50646875682928,1.53117920897192,-3.82325591135808,0,0.00156102180962837,17,4 mm
2,145,1.57352454141434,1.5946336717333,-3.59861676121573,0,0.00156213072702409,17,4 mm
2,146,1.43006182083822,1.42290788782708,-4.08997728638521,0,0.00156213810870665,16,4 mm
2,147,1.58909830763639,1.60657987747174,-3.54798060845734,0,0.00156151746531285,12,4 mm
2,148,1.56632148633054,1.64334170850564,-3.62360228189928,0,0.00155915367535083,16,4 mm
2,149,1.20049166129832,1.23100124219091,-4.97018776449483,0,0.00155525668811864,15,4 mm
2,150,1.42151688557122,1.46509002760943,-4.12267138551611,0,0.00156013255676391,18,4 mm
2,151,1.66228176698589,1.53778543567602,-3.31317786225159,0,0.00156437208338765,15,4 mm
2,152,1.4578159512906,1.46016975852728,-3.994923159176,0,0.00156583790099554,10,4 mm
2,153,1.45724138578452,1.4152609018334,-3.99856364488201,0,0.00156063380393083,14,4 mm
2,154,1.31592986985421,1.44974233256759,-4.51094958466314,0,0.00156350445495581,17,4 mm
2,155,1.50059985734552,1.47010114706931,-3.84331162527919,0,0.00155860013677284,13,4 mm
2,156,1.64832138673767,1.68456316022097,-3.35740400513577,0,0.00156757419856294,12,4 mm
2,157,1.56140863051575,1.55345150760667,-3.63861697496202,0,0.00156489480741064,16,4 mm
2,158,1.50525887401364,1.46824572560459,-3.82779637468596,0,0.0015652471858491,18,4 mm
2,159,1.7163637625934,1.7001417008455,-3.14611730693411,0,0.00156449494931913,14,4 mm
2,160,1.68561737442639,1.71143235530626,-3.24130971475619,0,0.00155984079100403,14,4 mm
2,161,1.41961538047614,1.26500669082473,-4.04237092104137,0.0714285714285714,0.00156653282073787,14,4 mm
2,162,1.63380561056884,1.58752639511769,-3.4033568697363,0,0.00156504981510369,15,4 mm
2,163,1.34476590708453,1.42234448118668,-4.4016571648349,0,0.00155986602881391,13,4 mm
2,164,1.36755226870343,1.41802603586018,-4.3166995515471,0,0.00156011802773034,17,4 mm
2,165,1.53367907999652,1.60104196103184,-3.73111517797206,0,0.00156280064365626,14,4 mm
2,166,1.56986092220763,1.49557167294794,-3.61068223619653,0,0.00155813549654051,17,4 mm
2,167,1.61711039311393,1.65511547360519,-3.45683184142732,0,0.00155762725083435,10,4 mm
2,168,1.69012592504328,1.74383634030773,-3.22621821534514,0,0.00155877674041389,11,4 mm
2,169,1.58138781396359,1.54074809624351,-3.57281085047612,0,0.00156092384019864,8,4 mm
2,170,1.54686156074019,1.4848029710914,-3.68696549081683,0,0.00156342693975581,15,4 mm
2,171,1.44563507656535,1.51297046237529,-4.03595459411842,0,0.00155961487707694,16,4 mm
2,172,1.34402988882733,1.3332007161733,-4.40531758150375,0,0.00156830313787495,18,4 mm
2,173,1.51193418532097,1.48992132114795,-3.80542981155301,0,0.00156409129314875,12,4 mm
2,174,1.48452948199103,1.5048560667084,-3.93593376415841,0,0.00156147819859,14,4 mm
2,175,1.37264422687431,1.4047256764906,-4.29787939271048,0,0.00155921128293274,17,4 mm
2,176,1.50047459553787,1.60692912406094,-3.84374039587849,0,0.00155626642692947,17,4 mm
2,177,1.52417742587696,1.60802725004298,-3.76411960478414,0,0.00156535909401704,14,4 mm
2,178,1.62484989069566,1.61377172849672,-3.43198544148427,0,0.00156070864464555,9,4 mm
2,179,1.503415210052,1.51483537392875,-3.83368258079211,0,0.00156327727476261,19,4 mm
2,180,1.54842919179093,1.49806100881312,-3.68173619205186,0,0.00156394983809512,17,4 mm
2,181,1.73385626141275,1.72506249540131,-3.09197993466392,0,0.00156335922794502,11,4 mm
2,182,1.58444115762139,1.59041464948404,-3.56280248545818,0,0.00156519134679647,13,4 mm
2,183,1.54915116303127,1.5643710597594,-3.67936209431771,0,0.00156904446798365,16,4 mm
2,184,1.53180770644345,1.65948148645219,-3.73740810989646,0,0.00156426869826635,13,4 mm
2,185,1.4476818691292,1.55907181917115,-4.02721481956143,0,0.00156344197973404,16,4 mm
2,186,1.53611414143858,1.49203803746838,-3.72293602797851,0,0.00156414722777506,15,4 mm
2,187,1.4468192413228,1.46890651560984,-4.03022607168317,0,0.00156423453739995,15,4 mm
2,188,1.64718997935453,1.56473504425377,-3.36081128304903,0,0.00156127026524105,9,4 mm
2,189,1.44313260412714,1.52501829226782,-4.04460665942449,0,0.00156297729027508,16,4 mm
2,190,1.78668516691877,1.81197819583058,-2.93503005471934,0,0.00156414814334469,10,4 mm
2,191,1.40634168517321,1.38970665400587,-4.17480513542502,0,0.00155969727136817,15,4 mm
2,192,1.56394999967547,1.62377944575572,-3.63020583027741,0,0.0015375545614217,16,4 mm
2,193,1.44481976011237,1.51652441619477,-4.03870857441305,0,0.00156587111648319,16,4 mm
2,194,1.70284755191112,1.87090786264799,-3.18687727178323,0,0.00155999406985002,13,4 mm
2,195,1.34885527040706,1.46418449515243,-4.38632069869298,0,0.00155536010779286,18,4 mm
2,196,1.6066951903115,1.56206554909456,-3.49151607582691,0,0.00157112401024769,16,4 mm
2,197,1.29912058353623,1.3160497396011,-4.57560813200887,0,0.00155925725853689,15,4 mm
2,198,1.43390629058714,1.31866481113019,-4.07597384056939,0,0.00155657273210856,17,4 mm
2,199,1.36695613021386,1.58180843070855,-4.31890680851506,0,0.00155223579526993,13,4 mm
2,200,1.24291781786823,1.33854990579708,-4.7972056568726,0,0.00155482881908627,12,4 mm
3,1,0.419248612904025,0.476191378326309,-9.31259483713763,0.0588235294117647,0.0017036666615668,17,6 mm
3,2,0.788573461718197,0.886397242280306,-6.40647672676522,0.1,0.00169313119928772,10,6 mm
3,3,0.473822506976307,0.443060556327007,-9.38886323177439,0,0.00169732759774203,8,6 mm
3,4,0.402986345392818,0.587342348493599,-8.98047459469338,0.117647058823529,0.00169245511276519,17,6 mm
3,5,0.558929015259658,0.549821792331113,-8.6587341669475,0,0.00168914424353686,8,6 mm
3,6,0.433176617158192,0.512360427262998,-9.79280464284282,0,0.00169204292669421,15,6 mm
3,7,0.693047245972395,0.638344435733749,-5.68684824738023,0.333333333333333,0.00169563931679051,6,6 mm
3,8,0.32985219737891,0.66711484170263,-10.9871852572404,0.0666666666666667,0.00169336637068036,15,6 mm
3,9,0.747347999786799,0.846179797723338,-7.05542342141255,0.117647058823529,0.00169332109679371,17,6 mm
3,10,0.552577050393504,0.730714761794126,-8.6768681489095,0,0.00169881118208109,14,6 mm
3,11,0.478214096976876,0.666215661119361,-6.99170250599228,0.214285714285714,0.00170017410085989,14,6 mm
3,12,0.259034191397963,0.360127062852444,-12.1173154000621,0,0.00171095877158939,14,6 mm
3,13,0.578424522030075,0.538029459530974,-8.24102637459356,0.111111111111111,0.00170760361536002,18,6 mm
3,14,0.573915494476936,0.672677353234484,-8.42453840754808,0.0588235294117647,0.00170430348353121,17,6 mm
3,15,0.241715977135497,0.358957214209491,-11.0217147305084,0.222222222222222,0.00169940780257357,18,6 mm
3,16,0.746198069281742,0.853168607590558,-7.09955922865186,0.0666666666666667,0.00169799466011326,15,6 mm
3,17,0.348206729009075,0.4646798883273,-9.48420577948106,0.214285714285714,0.00169838594434752,14,6 mm
3,18,0.281837057022044,0.626387701413215,-10.0529436284997,0.142857142857143,0.0016973464718322,14,6 mm
3,19,0.511270680816897,0.759934411053164,-9.03319130009478,0,0.00169803430947794,17,6 mm
3,20,0.40006513568128,0.697078373197838,-9.44598511247275,0.142857142857143,0.00169561568158774,7,6 mm
3,21,NaN,NaN,NaN,NaN,0.00169841508785863,0,6 mm
3,22,0.54649363420472,0.636431354741861,-8.72588026915481,0,0.0016984080347896,17,6 mm
3,23,0.430282782408902,0.560525235430842,-9.20630930045185,0.0666666666666667,0.00170691234023517,15,6 mm
3,24,0.547452719425114,0.614480214375021,-8.77112485484666,0,0.0016994444907064,16,6 mm
3,25,0.387473711371772,0.499970629441861,-8.52108949398494,0.117647058823529,0.00169166764007864,17,6 mm
3,26,0.408655598284646,0.369500230338051,-8.99803837252432,0.214285714285714,0.00170174805795382,14,6 mm
3,27,0.480190099335105,0.69996751110457,-8.61600117002054,0.0714285714285714,0.00169674445574369,14,6 mm
3,28,0.43297296709211,0.503336520987847,-9.67821960003446,0.0588235294117647,0.00170345465779921,17,6 mm
3,29,NaN,NaN,NaN,NaN,0.00170140301703044,0,6 mm
3,30,0.482022160655309,0.635819326213294,-9.23458216367358,0.0666666666666667,0.0016992158431565,15,6 mm
3,31,0.260587927160494,0.510929898282378,-12.0751472869873,0.1,0.00169897865647598,10,6 mm
3,32,0.535616924986384,0.999774072084033,-8.01151499647263,0.0909090909090909,0.00170202955380594,11,6 mm
3,33,0.332721727656444,0.655304105136973,-10.5566381217053,0.125,0.00170201428058367,16,6 mm
3,34,0.745344643688341,0.851319273024514,-7.27627085482287,0,0.00169614803596817,9,6 mm
3,35,0.510038604403525,0.652643343916023,-9.0443154479754,0,0.00169746411564939,12,6 mm
3,36,0.494197234650497,0.898984870160548,-8.95473992582509,0.0588235294117647,0.00169485497194213,17,6 mm
3,37,0.664541830748135,0.547450348115622,-7.78225016032053,0.1,0.00170040066251136,10,6 mm
3,38,0.22713469377619,0.179529321643517,-11.8353845430389,0.166666666666667,0.00169985875706942,6,6 mm
3,39,0.69904799558362,0.674886816931483,-7.34553120723672,0.2,0.00169378679153568,10,6 mm
3,40,0.299219740164495,0.335560166161734,-10.5863873163486,0.0769230769230769,0.00169167184069275,13,6 mm
3,41,0.638662589812217,0.572550224350948,-7.97781346222282,0.0666666666666667,0.00169442518689287,15,6 mm
3,42,0.451736534455308,0.575371296903766,-9.65608035034925,0,0.0017004310866359,8,6 mm
3,43,0.376378541977405,0.380690784615333,-10.0778960108044,0.0769230769230769,0.00169901853906322,13,6 mm
3,44,0.623120715277678,0.656719834169939,-8.11683630724706,0,0.00169832502111079,13,6 mm
3,45,0.451660292224608,0.530356978776818,-9.60193686271173,0,0.00169851772793513,15,6 mm
3,46,0.42689748515649,0.482809529872468,-9.85941010361531,0,0.00169729184390466,13,6 mm
3,47,0.59411108450102,0.702484926884458,-8.2721086850491,0.0909090909090909,0.00169420656009062,11,6 mm
3,48,0.336684991058938,0.371721008840218,-10.6990488826701,0.0769230769230769,0.00168893966739851,13,6 mm
3,49,0.479428413581236,0.645484994734485,-8.98523735739729,0.153846153846154,0.00169609013381666,13,6 mm
3,50,0.557704530626127,0.514768041177633,-8.5545426871897,0.142857142857143,0.00169665721362642,14,6 mm
3,51,0.563214880388333,0.528831399269661,-7.56102324922271,0.230769230769231,0.00169574050613487,13,6 mm
3,52,0.484980955907439,0.41139160011135,-9.27584942162941,0,0.00169678362536747,9,6 mm
3,53,NaN,NaN,NaN,NaN,0.00169886060680345,0,6 mm
3,54,0.551378711643816,0.634582214567962,-8.64162374990399,0.0769230769230769,0.00169191747000973,13,6 mm
3,55,0.550753268880271,0.933665949874008,-8.83323756200343,0,0.00169416931788801,8,6 mm
3,56,0.482781961733431,0.587147081758067,-9.57390228003702,0,0.00169067012280047,12,6 mm
3,57,0.328651097145411,0.540006384662252,-10.506518381266,0.0666666666666667,0.0016911679780079,15,6 mm
3,58,0.483741666112005,0.673496619408967,-9.20734046679699,0.0714285714285714,0.00169597477707721,14,6 mm
3,59,0.412269789567158,0.438262758545603,-10.3835536421134,0,0.00169177849367029,10,6 mm
3,60,0.590573315877182,0.675698224318395,-8.22590623715474,0.0666666666666667,0.00169224428420909,15,6 mm
3,61,0.632348694880938,0.533449295305398,-6.88308641925234,0.272727272727273,0.00169620321300204,11,6 mm
3,62,0.751385186573621,0.803265686825938,-7.23810894584735,0,0.00169216307849877,9,6 mm
3,63,0.372465181429096,0.437449757464239,-10.3107274108883,0.214285714285714,0.00168891028639391,14,6 mm
3,64,0.37622766037608,0.313705890714277,-9.39902173119679,0.2,0.0016923477645158,10,6 mm
3,65,0.476663649587808,0.404753782487274,-9.35643683102557,0,0.00167821356718411,14,6 mm
3,66,0.498399793793641,0.754815289036246,-9.00591595451787,0.0909090909090909,0.00168374176645205,11,6 mm
3,67,0.587621389747005,0.615695594888202,-7.86830345171799,0.1,0.00169066645775213,10,6 mm
3,68,NaN,NaN,NaN,NaN,0.00169371099085169,0,6 mm
3,69,0.535943388416237,0.469656870533775,-8.71927695215479,0.1,0.00168806099113172,10,6 mm
3,70,0.478745887947016,0.463055671337282,-9.33522087826016,0,0.00169081417325009,15,6 mm
3,71,0.556216014997843,0.84066526947783,-8.64886300719546,0,0.00169231895942226,8,6 mm
3,72,NaN,NaN,NaN,NaN,0.00169333161017297,0,6 mm
3,73,0.403584406627932,0.36980192828085,-10.0099003475267,0.117647058823529,0.00169082243379729,17,6 mm
3,74,0.347418360104734,0.402527248777832,-10.220952948102,0.181818181818182,0.00169492562130512,11,6 mm
3,75,0.370110625793234,0.446971663589333,-10.4115743570641,0.125,0.00169270545373644,16,6 mm
3,76,0.149690665254104,0.265543781599526,-10.1553806087773,0.333333333333333,0.00169443169312489,9,6 mm
3,77,0.530728105558902,0.482371965670497,-8.86121706566213,0,0.00168898327895264,18,6 mm
3,78,0.642288485883469,0.707213322578702,-7.97544032594898,0,0.00169112268482155,13,6 mm
3,79,0.361471809756245,0.342489698931566,-9.42684717782201,0.2,0.00169011044741555,15,6 mm
3,80,0.349136805597589,0.360875939713132,-10.1541537068627,0.0588235294117647,0.00168836864444166,17,6 mm
3,81,0.258491432651527,0.322681642780049,-10.5636439542392,0.176470588235294,0.00169591794990917,17,6 mm
3,82,0.428124342232513,0.501073997827341,-9.65300749325788,0.0909090909090909,0.00169812245787831,11,6 mm
3,83,0.409025052559216,0.427427979622011,-9.59423537281907,0.142857142857143,0.00168741570537686,14,6 mm
3,84,0.330461043557977,0.453902380601,-8.0920886292404,0.307692307692308,0.00168588949662268,13,6 mm
3,85,0.184660306941974,0.312063881576526,-11.5450551583038,0.166666666666667,0.00168631296042965,6,6 mm
3,86,0.472424831155178,0.349507345645445,-8.39300637618649,0.25,0.00168631240247135,8,6 mm
3,87,0.380220609222463,0.390183606798014,-10.1657694559222,0.0909090909090909,0.00168992252650935,11,6 mm
3,88,0.42295012447686,0.421031020014087,-9.81688642782061,0.0666666666666667,0.00168544959151061,15,6 mm
3,89,0.484648536200077,0.698723846735717,-8.62262830662357,0.125,0.0016802714236283,16,6 mm
3,90,0.642271089092634,0.592506618199568,-7.97556687167463,0,0.00168446858287577,11,6 mm
3,91,NaN,NaN,NaN,NaN,0.00168317225893224,0,6 mm
3,92,0.562795471123842,0.521659340499174,-8.58990103836235,0,0.00168332191482121,9,6 mm
3,93,0.425571865270261,0.421336260004339,-9.51248280170937,0.111111111111111,0.00168102824286292,18,6 mm
3,94,0.372498564417219,0.410048121270679,-10.4790166472128,0,0.00168094495822936,7,6 mm
3,95,0.446464109673585,0.340533717677885,-9.40915998471734,0.1,0.00168741746336388,10,6 mm
3,96,0.281858500796706,0.335588458258208,-11.4807718514669,0.111111111111111,0.00168906430435758,9,6 mm
3,97,0.486782759122033,0.486655163157796,-9.27219926400607,0,0.00168771513290358,10,6 mm
3,98,0.188460921271735,0.211296080937012,-11.927890360753,0.2,0.00168870109106282,10,6 mm
3,99,0.470964082932948,0.523050005831323,-9.42484452589339,0,0.0016882672999791,12,6 mm
3,100,0.572157527774532,0.56360540987365,-8.04660770439851,0.125,0.00169101494131552,16,6 mm
3,101,NaN,NaN,NaN,NaN,0.00169672623725794,0,6 mm
3,102,0.37876587065493,0.347483175551633,-9.56446666357147,0.166666666666667,0.00169059797839484,12,6 mm
3,103,0.309008701812446,0.435724791960681,-10.8847189799017,0.0714285714285714,0.00168511056758368,14,6 mm
3,104,0.130518109112019,0.400620864997993,-11.5426175222292,0.307692307692308,0.00169377370722751,13,6 mm
3,105,0.501144981210245,0.466850374329575,-9.10612176084334,0.0769230769230769,0.00169586772279999,13,6 mm
3,106,0.291770854396484,0.393874172327632,-10.4815483218954,0.111111111111111,0.00169474509653477,18,6 mm
3,107,0.552679045474967,0.513442346492363,-8.31250033283558,0.0909090909090909,0.001689256973376,11,6 mm
3,108,0.476784465538039,0.427005447744504,-9.35537505661309,0,0.00169042358426328,12,6 mm
3,109,0.268339067488129,0.329640698790114,-9.66728195719432,0.25,0.00169103328799343,8,6 mm
3,110,0.437674367531826,0.505577105525757,-9.74565712077382,0,0.00169213202458639,13,6 mm
3,111,0.487752404971264,0.41225574510818,-9.06657988452918,0.0833333333333333,0.0016933169809313,12,6 mm
3,112,0.485149226697589,0.654146610056389,-8.45597663372084,0.166666666666667,0.00169043140885424,12,6 mm
3,113,0.43984789549247,0.519028892880411,-9.49787288725448,0.0833333333333333,0.00169108763964235,12,6 mm
3,114,0.421298798411933,0.468679847272384,-9.93038353305331,0,0.00168893379881497,10,6 mm
3,115,0.349045462683411,0.464565917900889,-9.56345755695397,0.0833333333333333,0.0016847951072407,12,6 mm
3,116,0.482540795185542,0.431555005208227,-8.34654981998467,0.222222222222222,0.00168728771847917,9,6 mm
3,117,NaN,NaN,NaN,NaN,0.00169192510338095,0,6 mm
3,118,0.586433027156284,0.572756851803491,-8.3991434403048,0,0.00168817891638142,7,6 mm
3,119,NaN,NaN,NaN,NaN,0.00169308364691844,0,6 mm
3,120,0.398367939394832,0.419043459576755,-10.0071946016382,0.142857142857143,0.00169186222916052,14,6 mm
3,121,0.434985161683144,0.519734274967076,-8.51925418955003,0.176470588235294,0.00168992336440987,17,6 mm
3,122,0.279560477227372,0.463646562776414,-11.6853532171488,0.153846153846154,0.00169084216643444,13,6 mm
3,123,0.424415688965196,0.441798811645457,-9.88599293596804,0,0.00168653977372372,13,6 mm
3,124,0.422393962635464,0.426983200516649,-9.56496875633909,0.0769230769230769,0.00168428613878548,13,6 mm
3,125,0.454775913280524,0.449109462759474,-9.4626436549594,0.0666666666666667,0.00169196487516416,15,6 mm
3,126,NaN,NaN,NaN,NaN,0.00169180419075272,0,6 mm
3,127,0.310808160709581,0.266345050842228,-11.2852482479838,0.153846153846154,0.0016857206612896,13,6 mm
3,128,0.451073607338998,0.51431415693719,-8.70542302056216,0.0909090909090909,0.0016881862535847,11,6 mm
3,129,0.385093956378773,0.405616163524618,-10.3131503019218,0.0588235294117647,0.00169293026037675,17,6 mm
3,130,0.284643295394051,0.312679219119095,-11.6917345742974,0,0.00169062362831173,11,6 mm
3,131,NaN,NaN,NaN,NaN,0.00169469775133819,0,6 mm
3,132,0.398729641544523,0.366762897188425,-9.41644436765163,0.2,0.00169019266884714,15,6 mm
3,133,0.28079976306978,0.126188027526856,-10.5197722933418,0.4,0.00169777058195275,5,6 mm
3,134,0.504458471186741,0.563985697306434,-8.97383057902094,0.133333333333333,0.00168241660270582,15,6 mm
3,135,0.462164778700685,0.444402947935877,-8.76635503720778,0.1,0.00168967468740159,10,6 mm
3,136,0.397365948310733,0.367186451914209,-9.04692707846378,0.166666666666667,0.0016965379927682,12,6 mm
3,137,0.38021586095097,0.451490568690741,-9.64597370002981,0.142857142857143,0.00169055319693553,14,6 mm
3,138,0.637564536876816,0.692940448115677,-8.0099201273374,0,0.00169519784365599,11,6 mm
3,139,0.324510720450944,0.359283800515295,-10.0838614733933,0.117647058823529,0.0016915652075422,17,6 mm
3,140,0.530832632614158,0.711754882298591,-8.17118197637548,0.0833333333333333,0.00169860724173206,12,6 mm
3,141,0.384171010523582,0.476375387960852,-9.71748343323442,0.111111111111111,0.00169361736933427,18,6 mm
3,142,NaN,NaN,NaN,NaN,0.00169203413551649,0,6 mm
3,143,0.462649028661348,0.492223354094491,-8.5555385680404,0.142857142857143,0.00168974607776168,7,6 mm
3,144,0.468503796800367,0.464422147088144,-9.12800908884719,0.0833333333333333,0.00169445252835269,12,6 mm
3,145,0.483474551257858,0.642045807129796,-9.2901280533089,0,0.00169640195003596,14,6 mm
3,146,0.651972919154883,0.657707455643115,-7.93636091479439,0,0.00169342048828553,8,6 mm
3,147,0.33278449570812,0.482999341393358,-10.9932412831644,0,0.0016946644439224,8,6 mm
3,148,0.527246252379824,0.541728294858457,-8.944541340274,0,0.00168752509215369,18,6 mm
3,149,0.264318927728451,0.467183237019459,-11.3895412758471,0.0714285714285714,0.00168976827589646,14,6 mm
3,150,0.370459215831356,0.534911277907584,-10.053673640229,0.0666666666666667,0.00168339654743877,15,6 mm
3,151,0.334629946142079,0.41624055024717,-10.9638058369168,0,0.00168710645734494,11,6 mm
3,152,0.39064686214394,0.44527222202186,-10.2632122705344,0,0.00168430826004228,15,6 mm
3,153,NaN,NaN,NaN,NaN,0.00169095828694084,0,6 mm
3,154,0.331713080606137,0.490038339902203,-9.15595460855923,0.166666666666667,0.00168756191343758,12,6 mm
3,155,0.364170159632013,0.412620468256806,-10.352480119985,0.0714285714285714,0.00169414230940453,14,6 mm
3,156,0.428035224681881,0.432973140290744,-9.35672050536712,0.0769230769230769,0.00169518229123342,13,6 mm
3,157,0.61293040910656,0.669802485446831,-8.20348847875953,0,0.00169634009848703,12,6 mm
3,158,0.270478751642553,0.310044338340818,-9.73953545693257,0.285714285714286,0.00168973126112604,14,6 mm
3,159,0.495361279418777,0.526515656407767,-8.75198124284884,0.0714285714285714,0.00168309196125988,14,6 mm
3,160,0.470170639759904,0.457235717519085,-8.84549733531311,0.1875,0.00169017496751929,16,6 mm
3,161,0.709901167665299,0.56633656106731,-7.25018065464681,0.0666666666666667,0.00168418096202599,15,6 mm
3,162,0.509103844319382,0.710867039070262,-8.59845817869569,0.1,0.00169249550906212,10,6 mm
3,163,0.450328800832661,0.436119302039795,-9.23310414918363,0.0666666666666667,0.00169069218327069,15,6 mm
3,164,0.348074835823675,0.380279511366348,-10.6470941930524,0.0666666666666667,0.00169299152525262,15,6 mm
3,165,0.595344334982738,0.694211764895934,-8.32908873819485,0,0.00170885719542193,13,6 mm
3,166,0.512726440604181,0.576233193644223,-8.33372015489678,0.0666666666666667,0.0016869694227902,15,6 mm
3,167,0.569615084185073,0.518770028283799,-8.43380472181787,0.111111111111111,0.00169889183482282,9,6 mm
3,168,0.744388348575814,0.705280454336802,-7.28233834401328,0,0.00169500119863992,11,6 mm
3,169,0.509921558939392,0.603718969968175,-8.90778850401267,0.0714285714285714,0.00168586959868184,14,6 mm
3,170,0.295847672325363,0.52833206790354,-7.34939639052648,0.1875,0.00168351866413176,16,6 mm
3,171,0.604278713028497,0.833207150636524,-7.81585970984269,0.153846153846154,0.00170491095856271,13,6 mm
3,172,0.836493364205741,0.851341842612709,-5.48385047954412,0.266666666666667,0.00169926330858872,15,6 mm
3,173,1.69086074802104,1.69901361866783,-3.23315278325903,0,0.00170772123898766,8,6 mm
3,174,NaN,NaN,NaN,NaN,0.00169027583870983,0,6 mm
3,175,0.133265483715699,0.255440781596448,-9.01616470072892,0.307692307692308,0.001677911170883,13,6 mm
3,176,0.416183860226092,0.559630559809343,-9.97556179226024,0,0.00168348541182965,14,6 mm
3,177,0.321696692861408,0.237081074934884,-10.080679093136,0.2,0.00168397962854088,10,6 mm
3,178,0.501296477214358,0.759343102322005,-9.12383763438361,0,0.00168966557066346,13,6 mm
3,179,0.396623611238299,0.414830357463451,-9.29409988776169,0.125,0.00169410764097984,8,6 mm
3,180,0.417573532459569,0.414170091805042,-9.82130647567276,0.0666666666666667,0.00169415719899004,15,6 mm
3,181,0.273534508757277,0.307607900482902,-10.4513620388985,0.25,0.00169879449742821,8,6 mm
3,182,0.345280726211528,0.27059859908433,-10.8223356483682,0,0.00169266697155149,9,6 mm
3,183,0.586345314909714,0.68200808305506,-8.07971514768218,0.0625,0.00169516321887023,16,6 mm
3,184,0.373295857833193,0.455033911124766,-9.23843198928459,0.2,0.00169569245832191,15,6 mm
3,185,0.305492221379524,0.307775539387799,-11.2920721994324,0.133333333333333,0.00169290913644879,15,6 mm
3,186,0.5515266399854,0.510237964199032,-8.6834968878221,0,0.00170064286495427,11,6 mm
3,187,0.289092477028755,0.31289867873788,-9.17589916863906,0.285714285714286,0.00169420047966847,14,6 mm
3,188,0.51260783433948,0.498152319098874,-9.02116608285904,0,0.00169412318623279,11,6 mm
3,189,0.550319157515547,0.865316643679131,-8.06293893782792,0.1,0.00169055540887927,10,6 mm
3,190,0.403626214064229,0.432435406975384,-6.97195787831991,0.25,0.00169752649006801,12,6 mm
3,191,0.343954624154734,0.635858939083291,-10.8397378177078,0,0.00169854169881647,12,6 mm
3,192,0.567401282703046,0.528084183282321,-8.2392940165001,0.1,0.00170018893565545,10,6 mm
3,193,0.297893935799419,0.439738208522237,-10.5476574649475,0.176470588235294,0.00169902677065309,17,6 mm
3,194,0.444110233639939,0.662383600448932,-9.67898807095852,0,0.00169436447649066,15,6 mm
3,195,0.29793991827797,0.36318644147844,-11.4044608822163,0.0833333333333333,0.00169481577505898,12,6 mm
3,196,0.406689410111417,0.432504216263807,-8.56165416570681,0.214285714285714,0.00169462389444444,14,6 mm
3,197,0.43024342538948,0.518255591948863,-9.82380316119989,0,0.00168927983117911,15,6 mm
3,198,0.428285454583248,0.435577299436761,-9.84460744525392,0,0.00169939332315442,13,6 mm
3,199,0.519748332016922,0.468768586285703,-8.30083675659721,0.153846153846154,0.0017019200377372,13,6 mm
3,200,0.502154136610276,0.642068175196221,-8.75890545154175,0.0714285714285714,0.00169360222649876,14,6 mm
4,1,1.36518698551322,1.47913742148606,-4.32546674996611,0,0.00139737492235613,16,8 mm
4,2,1.68459359001894,1.65764044598134,-3.24561271584536,0,0.00139120841326362,14,8 mm
4,3,1.57578470520155,1.57721968510494,-3.59118493729639,0,0.00139039039217537,13,8 mm
4,4,1.4139605324417,1.37697154932276,-4.14732554574007,0,0.00138813077065221,13,8 mm
4,5,1.33178767488586,1.41583670356674,-4.45059601281043,0,0.00139045996660636,17,8 mm
4,6,1.40529496604883,1.47816165561999,-4.18292787859983,0,0.00139247435711874,18,8 mm
4,7,1.43639362053209,1.51254477343433,-4.06721928078415,0,0.00139502398063551,12,8 mm
4,8,1.28891202849235,1.39089849308245,-4.61540675223747,0,0.00139283660284894,16,8 mm
4,9,1.31449126490595,1.26125789713886,-4.51654932782187,0,0.00139267243259218,18,8 mm
4,10,1.5658997325388,1.48968717771125,-3.62722140467412,0,0.00139214918152301,14,8 mm
4,11,1.50657294241048,1.49619597823507,-3.82290047035756,0,0.00139613923893777,15,8 mm
4,12,1.55695642246044,1.54696546236786,-3.65336799083477,0,0.00139528441015794,17,8 mm
4,13,1.71844803880798,1.61273362678034,-3.13895991839518,0,0.00139523194902787,15,8 mm
4,14,1.47512776932425,1.59531333786776,-3.93112608584159,0,0.00139892757641107,11,8 mm
4,15,1.46642052790884,1.40080130667795,-3.96292424391573,0,0.00139821828565361,18,8 mm
4,16,1.72732036352892,1.67159629850986,-3.11195740153351,0,0.00139734944913171,12,8 mm
4,17,1.3949635911351,1.43664017493777,-4.21607922386363,0,0.00139681424881225,17,8 mm
4,18,1.26357504057655,1.34874630939401,-4.71474341061237,0,0.00139829708552041,20,8 mm
4,19,1.20746872624011,1.30865190453719,-4.94153104395794,0,0.00139551667744671,18,8 mm
4,20,1.2440070831223,1.35802456335926,-4.79277378739147,0,0.00139422784107841,15,8 mm
4,21,1.37572694366945,1.35177275381873,-4.28659305560432,0,0.00140010433957308,18,8 mm
4,22,1.59838456845852,1.56742324176097,-3.51735432021631,0,0.00140003607491269,15,8 mm
4,23,1.56378285064084,1.58655672465841,-3.63075093919881,0,0.00139618234214799,15,8 mm
4,24,1.64423024616377,1.60733311255954,-3.37023644941144,0,0.00139944923301173,16,8 mm
4,25,1.65290109604826,1.58617393551529,-3.34274357564152,0,0.00139942167048469,15,8 mm
4,26,1.39768712812214,1.44688670543625,-4.20649082163725,0,0.00139862690662064,16,8 mm
4,27,1.4486215128047,1.49973708288037,-4.02386841697436,0,0.00139997082003842,17,8 mm
4,28,1.44883594376306,1.51604238249552,-4.02311243854863,0,0.00140031499662713,13,8 mm
4,29,1.38209638671162,1.36034153924265,-4.26310098534432,0,0.00140182373735735,14,8 mm
4,30,1.31057605849682,1.472274186164,-4.5315117638786,0,0.00139988325482177,16,8 mm
4,31,1.43972611045638,1.39557955897045,-4.05531266106048,0,0.00139993830280734,13,8 mm
4,32,1.16685711090644,1.32282508684617,-5.11118272908287,0,0.00140355828584068,7,8 mm
4,33,1.49906272601952,1.49924166107013,-3.85101854246278,0,0.00139983426224031,16,8 mm
4,34,1.24927097665701,1.35474666850234,-4.77167812361692,0,0.0014002639248572,19,8 mm
4,35,1.24469190067489,1.33969236839299,-4.79002494549012,0,0.00140177903070711,21,8 mm
4,36,1.43340159669159,1.41623843031452,-4.07816085693594,0,0.00139928169187787,16,8 mm
4,37,1.21559610361041,1.35917319715488,-4.90842006457554,0,0.00140256985662324,16,8 mm
4,38,1.39784037550448,1.48633928573347,-4.20561707244345,0,0.0014016537812705,16,8 mm
4,39,1.55194298653569,1.57588863601295,-3.67004789757557,0,0.00140334570500137,12,8 mm
4,40,1.67010490581387,1.71023278493982,-3.29023751906539,0,0.00139958067823731,16,8 mm
4,41,1.71574553781804,1.70676533749409,-3.14727671364355,0,0.00139976621904284,14,8 mm
4,42,1.49486012326055,1.50710577109605,-3.86298955888282,0,0.00139921315705267,17,8 mm
4,43,1.5239106610551,1.55289088445359,-3.76404142944668,0,0.00139902270535064,16,8 mm
4,44,1.23250956864013,1.29528808011275,-4.83934957070839,0,0.00139997734051483,18,8 mm
4,45,1.43391711384467,1.38897692426107,-4.08233783485213,0,0.00139534803906878,16,8 mm
4,46,1.37490903371759,1.38759948348009,-4.28952761128581,0,0.00139845831452696,17,8 mm
4,47,1.35638362760773,1.3866040302681,-4.35818922693954,0,0.0013973991877151,15,8 mm
4,48,1.31561524906496,1.37492557973785,-4.51359541047562,0,0.00139652705479227,18,8 mm
4,49,1.37995167004094,1.27941853596698,-4.27184923933789,0,0.00139479196300951,20,8 mm
4,50,1.55525844254683,1.54051393586617,-3.65995143649706,0,0.0013979173617721,12,8 mm
4,51,1.40034493418836,1.37164094340634,-4.19652773448777,0,0.00139729830655923,18,8 mm
4,52,1.2704452153553,1.33029341833644,-4.68883533192615,0,0.00139713602550094,14,8 mm
4,53,1.33151931691911,1.43078645281162,-4.4547747785434,0,0.00139700803886668,16,8 mm
4,54,1.17740809920711,1.35190378736299,-5.06657680135594,0,0.00139924465941452,13,8 mm
4,55,1.36973026359897,1.37275805591985,-4.30864227967544,0,0.00139814580006505,13,8 mm
4,56,1.39865775397226,1.50200278694527,-4.2083116810263,0,0.00139828944353433,14,8 mm
4,57,1.30964769978929,1.37044481997356,-4.53503128191756,0,0.00139678897498207,15,8 mm
4,58,1.36051241165405,1.36899252562814,-4.34281769663007,0,0.00139789735220343,13,8 mm
4,59,1.3246058656064,1.36280000056003,-4.47800366831202,0,0.00139861124181623,20,8 mm
4,60,1.15741268731755,1.19881931567679,-5.15141088799583,0,0.00140077697167254,18,8 mm
4,61,1.53030600824289,1.56700114870286,-3.74246481871965,0,0.00140258531581662,16,8 mm
4,62,1.7222673453164,1.76979929833055,-3.12728289082033,0,0.00140271411740932,7,8 mm
4,63,1.33076108455625,1.30057321953615,-4.45449783373293,0,0.00140138273761949,18,8 mm
4,64,1.27590057964497,1.30363470038048,-4.66611723749755,0,0.00139959786432058,15,8 mm
4,65,1.18778833633071,1.24610393926799,-5.02444913769962,0,0.00140222788740009,14,8 mm
4,66,1.25524137292792,1.2424440940332,-4.74784371635035,0,0.00139934373752921,17,8 mm
4,67,1.66730979017131,1.59695080266749,-3.29754246539274,0,0.00140201874689183,14,8 mm
4,68,1.56452280368897,1.54067729282917,-3.62884604919188,0,0.00139981852576982,14,8 mm
4,69,1.40275646769006,1.41820410737791,-4.18802971073876,0,0.00140138999108916,14,8 mm
4,70,1.2728197426419,1.40241264912115,-4.69252703962466,0,0.00139876885880841,16,8 mm
4,71,1.11171158224323,1.07861195536046,-5.35279556351685,0,0.00140023327359069,14,8 mm
4,72,1.18518754584605,1.2477211845422,-5.03423284098526,0,0.00139720406645145,14,8 mm
4,73,1.24402171176722,1.28440465670383,-4.79271505468955,0,0.00139768684317624,17,8 mm
4,74,1.2085883849458,1.25375704152356,-4.93675981873967,0,0.00140060648255648,11,8 mm
4,75,1.1477619585111,1.17499389439905,-5.19282635987149,0,0.00139863311622007,16,8 mm
4,76,1.22256653859869,1.30082689294312,-4.87950424096346,0,0.00139770680732675,13,8 mm
4,77,1.15508885875754,1.14834670002255,-5.16135152692882,0,0.00139789853826422,15,8 mm
4,78,1.35907757849124,1.31923496337917,-4.34820215996001,0,0.0013980086847702,14,8 mm
4,79,1.12421736255852,1.16890634899748,-5.29511266262375,0,0.00139903445164209,15,8 mm
4,80,1.16740490415139,1.20243256835598,-5.11874225470267,0,0.00139898107908618,14,8 mm
4,81,1.16056034404258,1.39872618830064,-5.13797105199137,0,0.00139868377511951,9,8 mm
4,82,1.12301288398855,1.26494157560358,-5.30039633662779,0,0.00139729680759021,15,8 mm
4,83,1.15728267043035,1.20139027880476,-5.1539016780891,0,0.00139948941843399,10,8 mm
4,84,1.40964463338258,1.40055085538757,-4.1747023774378,0,0.0014000091344802,12,8 mm
4,85,1.15586141040269,1.19570719982007,-5.15870125147525,0,0.00139963127365453,14,8 mm
4,86,1.30123340377132,1.30922776382998,-4.56744169383377,0,0.00139668042520744,13,8 mm
4,87,1.18260470434026,1.3220694175076,-5.04473514731758,0,0.00139774493784023,9,8 mm
4,88,1.23903910103649,1.22626542575453,-4.81310299773433,0,0.00139405927740785,14,8 mm
4,89,1.39904565889745,1.375301687526,-4.20201268801915,0,0.00139762610046026,10,8 mm
4,90,1.09153762466063,1.16072067902243,-5.44978421614263,0,0.00139635534290863,14,8 mm
4,91,1.17445145618266,1.26595319520454,-5.08026396618069,0,0.0013972367458624,14,8 mm
4,92,1.38925656008703,1.39926827268586,-4.23688908941165,0,0.00139567407972887,9,8 mm
4,93,1.03491668037601,1.05840451362922,-5.70136685500808,0,0.00139641389148944,16,8 mm
4,94,1.42905139319362,1.3628313847775,-4.09356831681799,0,0.0013976298798162,12,8 mm
4,95,1.26524271955941,1.22763804382198,-4.70813551376846,0,0.00139758054923659,13,8 mm
4,96,1.25962305382824,1.21187517187039,-4.73142039307556,0,0.00139594714583536,10,8 mm
4,97,1.41863695103831,1.45146001401004,-4.13052066967671,0,0.00139809430141118,9,8 mm
4,98,1.12784425592678,1.14941789666323,-5.27923250176923,0,0.00139858449620919,15,8 mm
4,99,1.10475005407041,1.14294864230125,-5.38141415793246,0,0.00139518802523969,8,8 mm
4,100,1.26599344712362,1.39422181404305,-4.70532393553547,0,0.0013967381119933,12,8 mm
4,101,0.854423864799774,0.960793237553989,-6.62689565618981,0,0.00141237205992222,13,8 mm
4,102,1.02305769707472,1.02301391111584,-5.75732517742966,0,0.00141311397070073,10,8 mm
4,103,1.07229505765366,1.15927607487948,-5.52753487288757,0,0.00141200510389373,16,8 mm
4,104,1.24137482495064,1.26772642705394,-4.80671408791546,0,0.00141396184281631,18,8 mm
4,105,0.971969594660649,1.04193519850677,-6.00627151196985,0,0.00141633816249234,17,8 mm
4,106,1.20831483413555,1.2557709922036,-4.93788601856892,0,0.001417769406099,15,8 mm
4,107,1.14082418329813,1.19835156809069,-5.22612509668484,0,0.00141750460390597,14,8 mm
4,108,1.20807031873178,1.15240070860608,-4.94048006907622,0,0.00141681643621983,14,8 mm
4,109,1.19374373941651,1.2248377167699,-4.99838648797978,0,0.00141618897083634,14,8 mm
4,110,1.1974616378983,1.1954637423283,-4.98285962995933,0,0.00141830173284198,10,8 mm
4,111,1.19279205656852,1.20802911818167,-5.00215823241153,0,0.00141918321895767,17,8 mm
4,112,1.17273856748624,1.20601112272385,-5.08661195625948,0,0.0014205317550131,14,8 mm
4,113,0.891075498342475,0.910345864161565,-6.42572845992682,0,0.00142163579767481,10,8 mm
4,114,0.978342047904959,0.969030229802629,-5.97458574831024,0,0.00142019138657211,15,8 mm
4,115,1.23626654277652,1.18079759849196,-4.82393537270129,0,0.00142138791503792,17,8 mm
4,116,1.25424243054705,1.32312731932368,-4.75182477008018,0,0.00141915535047239,7,8 mm
4,117,1.16179116920628,1.13436604733365,-5.13888122240122,0,0.00141875317136316,18,8 mm
4,118,1.37580852455494,1.29764221152926,-4.28647807145721,0,0.00141920522201972,14,8 mm
4,119,1.1332606909665,1.1240785981093,-5.25561956703018,0,0.00142024102304661,14,8 mm
4,120,1.42050552463516,1.455116734981,-4.12381898060759,0,0.00142124039728836,11,8 mm
4,121,1.11456799865724,1.07261902584775,-5.33768319863976,0,0.00141753309746638,14,8 mm
4,122,1.34824524509573,1.3056122029021,-4.39009828600257,0,0.00142110750772094,10,8 mm
4,123,1.311173966593,1.21487542166911,-4.52917149734549,0,0.00142217486896753,11,8 mm
4,124,1.13833145423283,1.07517994484338,-5.23868364322181,0,0.00141951133491196,14,8 mm
4,125,1.10384502747677,1.09759839188615,-5.38515566471319,0,0.00141924958429342,15,8 mm
4,126,1.04065456487395,1.02405877248931,-5.67406524075219,0,0.00142017665958659,16,8 mm
4,127,1.08927357541524,1.08978319428397,-5.45045903706238,0,0.00142280269382991,15,8 mm
4,128,1.06941166643164,1.07906501111493,-5.54857294135408,0,0.00142000831813882,12,8 mm
4,129,1.26723653997836,1.24309746774356,-4.70025182785578,0,0.0014195413941545,13,8 mm
4,130,0.968561156844067,1.03505787161399,-6.02329544859414,0,0.00142276767860474,15,8 mm
4,131,1.15451938242143,1.14996702026833,-5.16543323873494,0,0.00142236424088941,16,8 mm
4,132,0.954044909677919,1.11092304771829,-6.09914996655927,0,0.00142002193096487,16,8 mm
4,133,1.06630950354269,1.11409149194796,-5.55495238713021,0,0.00142222258864552,19,8 mm
4,134,0.89408802786292,1.01354176630883,-6.40932954645897,0,0.00142237184533649,11,8 mm
4,135,1.09121618872888,1.06053380999004,-5.4418464821536,0,0.00142022659588774,14,8 mm
4,136,1.12258898654963,1.04801990698281,-5.30225702460357,0,0.00141987181700598,15,8 mm
4,137,1.43199961719516,1.47899639219949,-4.08303193427974,0,0.00142180086644082,6,8 mm
4,138,1.27567906576851,1.35748429466914,-4.66945672946136,0,0.00142206437978499,14,8 mm
4,139,1.05011007735014,1.07697030917536,-5.62986524401742,0,0.00142300805168609,15,8 mm
4,140,1.08291108897778,1.07128838809605,-5.47941464517789,0,0.00142626494570327,14,8 mm
4,141,1.1942299115934,1.1606704583422,-4.99617435352521,0,0.00142180239108642,15,8 mm
4,142,0.916112375635677,0.852900397675895,-6.29225044248045,0,0.00142238690046871,11,8 mm
4,143,1.00646991129134,1.04212618050219,-5.8368858905703,0,0.00142133461799193,15,8 mm
4,144,1.18305462207667,1.19885924673234,-5.04304342446383,0,0.00141991863273405,14,8 mm
4,145,1.09705048479896,1.03307503259539,-5.41551117295154,0,0.00141926439997592,13,8 mm
4,146,0.98147946495209,1.06956903053309,-5.96336580789117,0,0.00142037188047009,10,8 mm
4,147,1.00530654918473,1.00844846336931,-5.84365529626087,0,0.00142176827646807,12,8 mm
4,148,1.17542717442847,1.20769961246199,-5.07492484608593,0,0.00142481335797583,13,8 mm
4,149,1.19749518789496,1.24467188852726,-4.98337909399545,0,0.00142172396358725,10,8 mm
4,150,1.09681295281598,1.09791082281998,-5.41657536397685,0,0.00142457673140314,9,8 mm
4,151,1.37412141170338,1.31718480666667,-4.29243074660208,0,0.00142113246803185,9,8 mm
4,152,1.22179133821186,1.26596387655315,-4.88453462783147,0,0.00142360307997218,12,8 mm
4,153,1.16680871915908,1.16610750158318,-5.11138812090042,0,0.00142081342926056,13,8 mm
4,154,0.978729034201888,1.07894407238819,-5.9726674691946,0,0.00142123327558591,19,8 mm
4,155,0.941542813806566,1.0092920909849,-6.16018858724217,0,0.00142694478202367,16,8 mm
4,156,1.27274707548821,1.33406971886957,-4.67851825805168,0,0.0014229676108865,13,8 mm
4,157,1.02705876844714,1.08018072154265,-5.73824515583244,0,0.00142438691959167,11,8 mm
4,158,1.3019953424713,1.33300930535708,-4.56449945096173,0,0.00142485442016418,15,8 mm
4,159,1.50320737775119,1.40922641514652,-3.83439289082342,0,0.00142133856090994,15,8 mm
4,160,1.45115665868129,1.35302941573652,-4.01493675966922,0,0.00142303867569283,13,8 mm
4,161,1.11591066917331,1.21645681050333,-5.33165292372317,0,0.00142480026694457,13,8 mm
4,162,1.20357838082626,1.23685429456809,-4.95742099661127,0,0.00142197709002961,13,8 mm
4,163,0.942430336687199,1.01655029336696,-6.1556563850202,0,0.0014215421993635,18,8 mm
4,164,1.31213144966552,1.21059359412341,-4.52552614903204,0,0.00142008646984393,14,8 mm
4,165,1.11030877461199,1.10905762484748,-5.35642996750025,0,0.0014236118596045,11,8 mm
4,166,1.38462349834151,1.26858715446012,-4.2538362952884,0,0.00142328339527318,7,8 mm
4,167,1.18527313835848,1.18721010933976,-5.0335519856257,0,0.00142539875108678,17,8 mm
4,168,1.10590977295867,1.08655720797806,-5.37596366178919,0,0.00142039489632812,17,8 mm
4,169,1.06125969857687,1.06853703744689,-5.57819634115201,0,0.00142029556838877,17,8 mm
4,170,0.961696619542515,1.00300757580748,-6.05774432436666,0,0.00142327981229534,17,8 mm
4,171,1.22062904877686,1.21857507734827,-4.88740638031123,0,0.00142220127340509,11,8 mm
4,172,1.3618738525984,1.22908798769066,-4.33775773912218,0,0.00142124375032686,9,8 mm
4,173,1.1497177376981,1.13709153860009,-5.184397350503,0,0.00142212256451956,15,8 mm
4,174,1.53566486760171,1.45957649497506,-3.72563005793175,0,0.001423689010138,8,8 mm
4,175,1.28575110306315,1.2571974951266,-4.62756672429031,0,0.00142183737902285,14,8 mm
4,176,1.26566232017035,1.25089193545307,-4.70647549915206,0,0.00142025602008307,15,8 mm
4,177,1.12270744706608,1.13665604413434,-5.30173698293448,0,0.00142178357510851,15,8 mm
4,178,1.1828582297109,1.17811039750923,-5.04554361578191,0,0.00142130754469438,16,8 mm
4,179,1.19881835370006,1.17632140166797,-4.9780460923476,0,0.00142507497620479,12,8 mm
4,180,1.24946042091864,1.24053457973834,-4.77092033522712,0,0.00142223298929328,9,8 mm
4,181,1.04593403182783,1.06358979977865,-5.6507701506661,0,0.00142240992183795,14,8 mm
4,182,1.41639066403558,1.31369178819454,-4.13858692580866,0,0.00141886905343716,12,8 mm
4,183,1.16780152954578,1.21160925499857,-5.11178368892238,0,0.00141944383394123,10,8 mm
4,184,1.39901940552198,1.29118519469252,-4.20133412475889,0,0.00142270603550925,11,8 mm
4,185,1.0253560907429,1.04519855419272,-5.75702466752829,0,0.00142058285012394,12,8 mm
4,186,1.12562517376234,1.14355760703343,-5.28894331406127,0,0.00144886702625236,11,8 mm
4,187,0.979919349361841,0.957435792727911,-5.96677134947834,0,0.00143853572871362,19,8 mm
4,188,1.32173195570851,1.32027060220746,-4.48879548744752,0,0.00144224022055075,17,8 mm
4,189,1.02175145136565,1.26360341954081,-5.76355319977309,0,0.00144073088538281,10,8 mm
4,190,1.37523780689692,1.66978780368316,-4.3448283494973,0,0.00144462538584452,4,8 mm
4,191,1.30052200753208,1.30508312107728,-4.57019010002684,0,0.00144487073760922,11,8 mm
4,192,1.37450101718753,1.40097030324194,-4.29105501795343,0,0.00144275731395085,22,8 mm
4,193,1.68441090590033,1.75573988374414,-3.24397047716989,0,0.00144468924683965,15,8 mm
4,194,1.80164521713857,1.81060124450935,-2.88923056467278,0,0.00144754048171121,9,8 mm
4,195,1.6128916481927,1.68530409906332,-3.47041569152517,0,0.0014448886037445,9,8 mm
4,196,1.19003043031927,1.33113935560583,-5.01366881377069,0,0.00144430214289923,15,8 mm
4,197,1.62909735287925,1.5895146969518,-3.41878784193061,0,0.00144551031811262,12,8 mm
4,198,1.52536797851752,1.51757153784156,-3.7591127171935,0,0.00144189859962183,17,8 mm
4,199,1.26454163636694,1.26359515469857,-4.71133207164063,0,0.00144588348042321,14,8 mm
4,200,1.80840209083801,1.88881792085554,-2.87059552392325,0,0.00144841972076136,6,8 mm
